dependent,period,quartile_vs_Q1,coef,p_value,n
share,near_event,Q2,-0.011048628177836098,0.10999905594414905,81207
share,near_event,Q3,-0.010515999151872287,0.16630650033431038,81207
share,near_event,Q4,-0.02668350164473969,0.0008461690576730158,81207
share,baseline,Q2,0.0028767451424721964,0.5850130823415673,95401
share,baseline,Q3,-0.00009365692573668882,0.9870502467416643,95401
share,baseline,Q4,-0.0012149467359414683,0.8437169385314156,95401
log_volume,near_event,Q2,0.06550287093110316,0.11140782546932287,81207
log_volume,near_event,Q3,0.11186588386885286,0.020888400809954435,81207
log_volume,near_event,Q4,0.1320799202702708,0.021567649027499587,81207
log_volume,baseline,Q2,0.10483473497010941,0.00026990357273416337,95401
log_volume,baseline,Q3,0.16760273139517215,1.295561436064862e-6,95401
log_volume,baseline,Q4,0.2111307247503806,5.988879281220275e-8,95401
