check,subset,dv,flow,sample,era,n,b_retail,se_retail,p_retail
flow_measure,net_bearish,car01,net_bearish,retail,pooled,94000,-0.000695,0.000341,0.041929
flow_measure,net_bearish,car01,net_bearish,retail,pre_covid,34857,-0.002088,0.000468,0.000008
flow_measure,net_bearish,car01,net_bearish,retail,covid,19476,-0.000702,0.000643,0.274777
flow_measure,net_bearish,car01,net_bearish,retail,post_covid,34504,0.000676,0.000671,0.313244
flow_measure,net_put,car01,net_put,retail,pooled,94000,-0.000722,0.000318,0.023331
flow_measure,net_put,car01,net_put,retail,pre_covid,34857,-0.001595,0.000438,0.000273
flow_measure,net_put,car01,net_put,retail,covid,19476,-0.000567,0.000602,0.346118
flow_measure,net_put,car01,net_put,retail,post_covid,34504,0.000178,0.000619,0.773627
flow_measure,pp_ratio,car01,pp_ratio,retail,pooled,84206,-0.000011,0.000370,0.977100
flow_measure,pp_ratio,car01,pp_ratio,retail,pre_covid,31256,-0.000555,0.000531,0.296117
flow_measure,pp_ratio,car01,pp_ratio,retail,covid,17844,-0.000705,0.000739,0.339921
flow_measure,pp_ratio,car01,pp_ratio,retail,post_covid,30579,0.000656,0.000706,0.353076
size_tercile,small,car01,net_put,retail,pooled,19323,-0.000689,0.000903,0.445501
size_tercile,small,car01,net_put,retail,pre_covid,6774,-0.001337,0.001392,0.336847
size_tercile,small,car01,net_put,retail,covid,3758,-0.000011,0.001935,0.995591
size_tercile,small,car01,net_put,retail,post_covid,7623,-0.000438,0.001651,0.790826
size_tercile,mid,car01,net_put,retail,pooled,32207,-0.001337,0.000539,0.013174
size_tercile,mid,car01,net_put,retail,pre_covid,12876,-0.002380,0.000754,0.001590
size_tercile,mid,car01,net_put,retail,covid,6529,-0.001180,0.001039,0.256180
size_tercile,mid,car01,net_put,retail,post_covid,11067,-0.000379,0.001023,0.710864
size_tercile,large,car01,net_put,retail,pooled,42470,-0.000215,0.000325,0.507782
size_tercile,large,car01,net_put,retail,pre_covid,15207,-0.001099,0.000472,0.019769
size_tercile,large,car01,net_put,retail,covid,9189,0.000025,0.000668,0.969673
size_tercile,large,car01,net_put,retail,post_covid,15814,0.000804,0.000609,0.187196
professional_presence,with_pro,car01,net_put,retail,pooled,30901,0.000121,0.000524,0.818010
professional_presence,with_pro,car01,net_put,retail,pre_covid,9333,-0.000340,0.000877,0.698145
professional_presence,with_pro,car01,net_put,retail,covid,6036,-0.000418,0.000927,0.652159
professional_presence,with_pro,car01,net_put,retail,post_covid,14025,0.000768,0.000844,0.362498
professional_presence,no_pro,car01,net_put,retail,pooled,63099,-0.001015,0.000395,0.010131
professional_presence,no_pro,car01,net_put,retail,pre_covid,25524,-0.001968,0.000520,0.000152
professional_presence,no_pro,car01,net_put,retail,covid,13440,-0.000629,0.000762,0.409771
professional_presence,no_pro,car01,net_put,retail,post_covid,20479,-0.000114,0.000841,0.892212
