sector,events,stem_share,log_mktcap,retail_share,retail_otm_share,retail_short_share,retail_ret_mid,retail_ret_half,event_ratio,atm_iv_change_rel,abn_vol
Industrials,31680,0.073398,14.441328,1.000000,0.769231,0.000000,-0.187778,-0.322278,1.648555,-0.161321,0.022653
Financials,28349,0.086512,14.305991,1.000000,0.765625,0.000000,-0.153605,-0.312925,1.288368,-0.113754,-0.082089
Other,23894,0.088184,13.892597,1.000000,0.809901,0.000000,-0.200000,-0.363301,1.455669,-0.169943,-0.047823
Technology,19708,0.442981,14.509123,1.000000,0.783133,0.000000,-0.253844,-0.371266,1.993950,-0.222512,0.074177
Pharma & biotech,13979,0.248817,12.888246,1.000000,0.838961,0.000000,-0.161290,-0.354167,0.998454,-0.119343,-0.182442
Consumer & retail,12408,0.003693,14.715127,1.000000,0.764298,0.000000,-0.260051,-0.356786,1.910546,-0.220412,0.142311
Energy,6667,0.135642,14.629691,1.000000,0.734744,0.000000,-0.139061,-0.262961,1.115363,-0.086604,-0.044221
Utilities,3064,0.174582,15.794080,1.000000,0.727273,0.000000,-0.116618,-0.269311,1.037983,-0.064496,-0.050128
Unknown,1104,,12.881745,1.000000,0.732207,0.000000,-0.151743,-0.356112,1.146479,-0.185214,-0.130094
