contracts,cost_frac,measure,era,retail_n,retail_mean,retail_se,retail_p,retail_median,procust_n,procust_mean,procust_se,procust_p,procust_median,diff_n,diff_mean,diff_se,diff_p
all,0.000000,dw_buy,pooled,73922,0.038220,0.004081,0.000000,-0.195729,14720,-0.017700,0.009782,0.070371,-0.306452,14462,0.002332,0.008443,0.782363
all,0.000000,dw_buy,pre_covid,28561,0.040337,0.005845,0.000000,-0.196555,3309,-0.016986,0.019562,0.385210,-0.278775,3285,0.030829,0.019216,0.108642
all,0.000000,dw_buy,covid,16314,-0.016993,0.008165,0.037400,-0.193241,3329,-0.074770,0.018026,0.000034,-0.300000,3307,0.001069,0.015595,0.945365
all,0.000000,dw_buy,post_covid,25044,0.074349,0.007180,0.000000,-0.201607,7263,0.013496,0.014200,0.341876,-0.317251,7063,-0.011925,0.012201,0.328394
all,0.000000,dw_net,pooled,79207,0.019935,0.002291,0.000000,-0.020153,22085,0.011574,0.005798,0.045932,0.030280,21837,-0.010118,0.006803,0.136968
all,0.000000,dw_net,pre_covid,30496,0.028239,0.003567,0.000000,-0.027503,6770,0.013899,0.011385,0.222179,0.100027,6731,0.000336,0.013088,0.979514
all,0.000000,dw_net,covid,17367,-0.003194,0.004151,0.441641,-0.008086,4514,0.013767,0.010533,0.191205,0.015507,4494,-0.029645,0.011870,0.012511
all,0.000000,dw_net,post_covid,26996,0.029228,0.004233,0.000000,-0.022916,9699,0.011013,0.008840,0.212806,0.000000,9517,-0.011308,0.010790,0.294638
all,0.500000,dw_buy,pooled,73922,-0.142824,0.003679,0.000000,-0.335588,14720,-0.122519,0.008996,0.000000,-0.387336,14462,0.026500,0.007562,0.000458
all,0.500000,dw_buy,pre_covid,28561,-0.124090,0.005313,0.000000,-0.327864,3309,-0.091101,0.018514,0.000001,-0.330798,3285,0.040484,0.017881,0.023570
all,0.500000,dw_buy,covid,16314,-0.193296,0.006952,0.000000,-0.333333,3329,-0.185310,0.016155,0.000000,-0.389035,3307,0.032206,0.013653,0.018332
all,0.500000,dw_buy,post_covid,25044,-0.123980,0.006487,0.000000,-0.347826,7263,-0.105200,0.012949,0.000000,-0.403361,7063,0.014525,0.010931,0.183907
all,0.500000,dw_net,pooled,79207,-0.186218,0.003091,0.000000,-0.162482,22085,-0.112824,0.006546,0.000000,-0.050233,21837,0.017127,0.007247,0.018111
all,0.500000,dw_net,pre_covid,30496,-0.152679,0.004158,0.000000,-0.161890,6770,-0.103912,0.012830,0.000000,0.011558,6731,0.036304,0.014115,0.010112
all,0.500000,dw_net,covid,17367,-0.203727,0.005177,0.000000,-0.153729,4514,-0.094127,0.011178,0.000000,-0.063444,4494,-0.012943,0.012250,0.290701
all,0.500000,dw_net,post_covid,26996,-0.202666,0.004967,0.000000,-0.167293,9699,-0.125514,0.009750,0.000000,-0.080761,9517,0.013312,0.011311,0.239224
all,1.000000,dw_buy,pooled,73922,-0.284470,0.004109,0.000000,-0.442101,14720,-0.209584,0.008854,0.000000,-0.452835,14462,0.040995,0.007103,0.000000
all,1.000000,dw_buy,pre_covid,28561,-0.252807,0.005641,0.000000,-0.423137,3309,-0.154029,0.018042,0.000000,-0.381019,3285,0.046416,0.016775,0.005659
all,1.000000,dw_buy,covid,16314,-0.330091,0.007028,0.000000,-0.444444,3329,-0.272909,0.015961,0.000000,-0.454840,3307,0.052254,0.012624,0.000035
all,1.000000,dw_buy,post_covid,25044,-0.279977,0.006702,0.000000,-0.462469,7263,-0.201754,0.012459,0.000000,-0.480000,7063,0.032695,0.010287,0.001482
all,1.000000,dw_net,pooled,78702,-0.398334,0.005589,0.000000,-0.294118,21820,-0.225846,0.007966,0.000000,-0.120382,21577,0.034645,0.007943,0.000013
all,1.000000,dw_net,pre_covid,30329,-0.324284,0.006096,0.000000,-0.281619,6640,-0.212559,0.014921,0.000000,-0.047782,6608,0.062367,0.015422,0.000053
all,1.000000,dw_net,covid,17306,-0.425106,0.009004,0.000000,-0.288870,4494,-0.201339,0.013244,0.000000,-0.133501,4474,0.000799,0.013584,0.953095
all,1.000000,dw_net,post_covid,26761,-0.442712,0.008344,0.000000,-0.307786,9606,-0.249404,0.011681,0.000000,-0.156250,9422,0.029747,0.012222,0.014941
otm,0.000000,dw_buy,pooled,66216,0.057946,0.006091,0.000000,-0.314800,11740,-0.031726,0.013209,0.016315,-0.461434,11443,0.016641,0.010756,0.121841
otm,0.000000,dw_buy,pre_covid,25166,0.044216,0.008912,0.000001,-0.333333,2400,-0.031030,0.030379,0.307049,-0.496351,2366,0.073887,0.029045,0.010962
otm,0.000000,dw_buy,covid,15001,-0.007029,0.011016,0.523440,-0.297254,2651,-0.092368,0.026318,0.000449,-0.453329,2618,-0.001254,0.020599,0.951454
otm,0.000000,dw_buy,post_covid,22485,0.116519,0.010913,0.000000,-0.319200,6006,0.003210,0.018024,0.858647,-0.445031,5787,0.000284,0.014821,0.984696
otm,0.000000,dw_net,pooled,72091,0.023915,0.003312,0.000000,-0.022820,17906,0.007554,0.007963,0.342791,0.046828,17638,-0.007328,0.009934,0.460724
otm,0.000000,dw_net,pre_covid,27274,0.028311,0.005534,0.000000,-0.035947,5095,0.009259,0.016354,0.571291,0.178571,5043,0.015193,0.020593,0.460644
otm,0.000000,dw_net,covid,16222,-0.001623,0.005395,0.763497,-0.007288,3653,0.008116,0.014241,0.568733,0.007092,3632,-0.020653,0.016865,0.220734
otm,0.000000,dw_net,post_covid,24657,0.042477,0.006463,0.000000,-0.025204,8216,0.009201,0.011940,0.440967,0.009840,8035,-0.013350,0.014883,0.369749
otm,0.500000,dw_buy,pooled,66216,-0.175438,0.005139,0.000000,-0.489876,11740,-0.161555,0.011888,0.000000,-0.563990,11443,0.036203,0.009385,0.000115
otm,0.500000,dw_buy,pre_covid,25166,-0.165434,0.007921,0.000000,-0.502614,2400,-0.125890,0.028012,0.000007,-0.563733,2366,0.075294,0.026622,0.004681
otm,0.500000,dw_buy,covid,15001,-0.236450,0.008845,0.000000,-0.467198,2651,-0.227629,0.023103,0.000000,-0.565624,2618,0.035270,0.016907,0.036967
otm,0.500000,dw_buy,post_covid,22485,-0.140220,0.009056,0.000000,-0.497630,6006,-0.140495,0.016117,0.000000,-0.561388,5787,0.021444,0.013019,0.099535
otm,0.500000,dw_net,pooled,72091,-0.253995,0.004293,0.000000,-0.238043,17906,-0.157703,0.009124,0.000000,-0.080217,17638,0.025099,0.010704,0.019040
otm,0.500000,dw_net,pre_covid,27274,-0.215675,0.006036,0.000000,-0.240544,5095,-0.154335,0.018512,0.000000,0.044326,5043,0.062746,0.022520,0.005332
otm,0.500000,dw_net,covid,16222,-0.273950,0.006711,0.000000,-0.221103,3653,-0.128376,0.014825,0.000000,-0.114754,3632,-0.006735,0.017294,0.696924
otm,0.500000,dw_net,post_covid,24657,-0.270230,0.007361,0.000000,-0.246455,8216,-0.169602,0.013634,0.000000,-0.117710,8035,0.012160,0.015966,0.446295
otm,1.000000,dw_buy,pooled,66216,-0.350547,0.005230,0.000000,-0.624368,11740,-0.263524,0.011633,0.000000,-0.655082,11443,0.049351,0.008720,0.000000
otm,1.000000,dw_buy,pre_covid,25166,-0.323192,0.007827,0.000000,-0.625000,2400,-0.203176,0.026612,0.000000,-0.620934,2366,0.070617,0.025338,0.005319
otm,1.000000,dw_buy,covid,15001,-0.407015,0.008350,0.000000,-0.600644,2651,-0.335924,0.021912,0.000000,-0.659042,2618,0.052226,0.015561,0.000790
otm,1.000000,dw_buy,post_covid,22485,-0.331013,0.008649,0.000000,-0.637737,6006,-0.255108,0.015356,0.000000,-0.663208,5787,0.039271,0.012108,0.001181
otm,1.000000,dw_net,pooled,71347,-0.556233,0.008115,0.000000,-0.428934,17608,-0.314601,0.011414,0.000000,-0.181818,17350,0.045858,0.011775,0.000098
otm,1.000000,dw_net,pre_covid,27007,-0.451249,0.008626,0.000000,-0.411921,4953,-0.300116,0.021562,0.000000,-0.046703,4910,0.097470,0.024200,0.000056
otm,1.000000,dw_net,covid,16113,-0.598775,0.012757,0.000000,-0.414228,3627,-0.267161,0.017840,0.000000,-0.221844,3604,0.009102,0.019108,0.633818
otm,1.000000,dw_net,post_covid,24344,-0.622941,0.012929,0.000000,-0.451538,8113,-0.347552,0.017390,0.000000,-0.220167,7934,0.029697,0.017278,0.085664
