measure,era,retail_n,retail_mean,retail_se,retail_p,retail_median,procust_n,procust_mean,procust_se,procust_p,procust_median,diff_n,diff_mean,diff_se,diff_p
vw_open_buy,pooled,70991,0.062194,0.005531,0.000000,-0.270270,13197,-0.027604,0.011481,0.016207,-0.393939,12907,0.014413,0.010308,0.162029
vw_open_buy,pre_covid,27499,0.055992,0.007532,0.000000,-0.270664,2836,-0.035128,0.022785,0.123146,-0.376294,2808,0.062364,0.023272,0.007367
vw_open_buy,covid,15661,0.008709,0.011066,0.431307,-0.267606,2952,-0.097450,0.020351,0.000002,-0.392385,2916,0.017449,0.019709,0.375969
vw_open_buy,post_covid,24043,0.105779,0.009972,0.000000,-0.276815,6658,0.006253,0.016541,0.705401,-0.400000,6448,-0.001403,0.015325,0.927051
vw_buy,pooled,73922,0.067632,0.005357,0.000000,-0.250000,14720,-0.023926,0.010762,0.026202,-0.359322,14462,0.012332,0.009772,0.206971
vw_buy,pre_covid,28561,0.059489,0.007446,0.000000,-0.251915,3309,-0.029926,0.020388,0.142145,-0.329148,3285,0.063893,0.022546,0.004599
vw_buy,covid,16314,0.009757,0.010266,0.341876,-0.247536,3329,-0.080279,0.020192,0.000070,-0.349291,3307,-0.011157,0.018884,0.554650
vw_buy,post_covid,25044,0.115065,0.009612,0.000000,-0.255212,7263,0.008236,0.015730,0.600565,-0.373269,7063,-0.004217,0.014196,0.766432
dw_buy,pooled,73922,0.038220,0.004081,0.000000,-0.195729,14720,-0.017700,0.009782,0.070371,-0.306452,14462,0.002332,0.008443,0.782363
dw_buy,pre_covid,28561,0.040337,0.005845,0.000000,-0.196555,3309,-0.016986,0.019562,0.385210,-0.278775,3285,0.030829,0.019216,0.108642
dw_buy,covid,16314,-0.016993,0.008165,0.037400,-0.193241,3329,-0.074770,0.018026,0.000034,-0.300000,3307,0.001069,0.015595,0.945365
dw_buy,post_covid,25044,0.074349,0.007180,0.000000,-0.201607,7263,0.013496,0.014200,0.341876,-0.317251,7063,-0.011925,0.012201,0.328394
dw_short,pooled,67757,-0.021468,0.004262,0.000000,0.192308,17162,0.030271,0.008676,0.000485,0.300000,16766,-0.021988,0.007542,0.003554
dw_short,pre_covid,25727,-0.018684,0.006409,0.003554,0.200000,5574,0.022663,0.015626,0.146952,0.318948,5463,-0.011814,0.014740,0.422846
dw_short,covid,15639,0.024531,0.007414,0.000938,0.185425,3349,0.080426,0.014480,0.000000,0.272791,3319,-0.011484,0.013183,0.383670
dw_short,post_covid,22727,-0.056667,0.007808,0.000000,0.194397,7411,0.015917,0.013285,0.230868,0.310883,7182,-0.042461,0.011003,0.000114
dw_net,pooled,79207,0.019935,0.002291,0.000000,-0.020153,22085,0.011574,0.005798,0.045932,0.030280,21837,-0.010118,0.006803,0.136968
dw_net,pre_covid,30496,0.028239,0.003567,0.000000,-0.027503,6770,0.013899,0.011385,0.222179,0.100027,6731,0.000336,0.013088,0.979514
dw_net,covid,17367,-0.003194,0.004151,0.441641,-0.008086,4514,0.013767,0.010533,0.191205,0.015507,4494,-0.029645,0.011870,0.012511
dw_net,post_covid,26996,0.029228,0.004233,0.000000,-0.022916,9699,0.011013,0.008840,0.212806,0.000000,9517,-0.011308,0.010790,0.294638
