outcome,participant_group,is_near_event,mean_share,n
call,procust,false,0.5632536213533007,22781
call,procust,true,0.5570560044368269,22781
call,retail,false,0.6334514892440869,22781
call,retail,true,0.6083776566239616,22781
itm,procust,false,0.15159644377596826,22781
itm,procust,true,0.15639379989245217,22781
itm,retail,false,0.1771957628081148,22781
itm,retail,true,0.16502415072016743,22781
lt_100,procust,false,0.8544371869413853,22781
lt_100,procust,true,0.9223597808172963,22781
lt_100,retail,false,0.7587673562750378,22781
lt_100,retail,true,0.8133582074960741,22781
open,procust,false,0.777968578401949,22781
open,procust,true,0.7714167209254169,22781
open,retail,false,0.609262833786872,22781
open,retail,true,0.6211399944669179,22781
otm,procust,false,0.6049260454176338,22781
otm,procust,true,0.5967696483341456,22781
otm,retail,false,0.604487155948579,22781
otm,retail,true,0.6351439768790703,22781
otm_call,procust,false,0.34977278548353985,22781
otm_call,procust,true,0.33556246133185413,22781
otm_call,retail,false,0.373027011336472,22781
otm_call,retail,true,0.37504914600333916,22781
otm_put,procust,false,0.2551532599340941,22781
otm_put,procust,true,0.26120718700229084,22781
otm_put,retail,false,0.23146014461210757,22781
otm_put,retail,true,0.26009483087573115,22781
