contracts,group,era,contracts_bought,share_right,right_but_lost,iv_outweighed,right_delta_term,right_gamma_term,right_vega_term,right_theta_term,right_residual,right_dP
all,retail,pooled,45881960.000000,0.472933,0.459023,0.301589,0.710609,0.325977,-0.333300,-0.159625,0.034532,0.578195
all,retail,pre_covid,17416730.000000,0.481889,0.433058,0.312232,0.737434,0.343176,-0.341902,-0.148456,0.047520,0.637772
all,retail,covid,10412857.000000,0.465420,0.480313,0.292173,0.644624,0.272858,-0.301394,-0.171804,0.020485,0.464769
all,retail,post_covid,16209364.000000,0.468627,0.476853,0.301422,0.748997,0.356067,-0.366314,-0.160142,0.033014,0.611622
all,procust,pooled,1377495.000000,0.493210,0.377899,0.283043,0.575298,0.238657,-0.242817,-0.099159,0.025820,0.497798
all,procust,pre_covid,316441.000000,0.479843,0.412152,0.359782,0.677893,0.272953,-0.360562,-0.142876,0.058915,0.506323
all,procust,covid,336963.000000,0.434822,0.251141,0.197606,0.618139,0.287301,-0.231159,-0.125614,0.007835,0.556502
all,procust,post_covid,664639.000000,0.524094,0.432537,0.299334,0.533360,0.212666,-0.223562,-0.081473,0.026904,0.467896
otm,retail,pooled,32876452.000000,0.485038,0.524827,0.321456,0.881516,0.506263,-0.560842,-0.248687,0.045562,0.623812
otm,retail,pre_covid,11674159.000000,0.495645,0.499395,0.335433,0.908124,0.539128,-0.588807,-0.232988,0.077058,0.702514
otm,retail,covid,7661097.000000,0.477354,0.550591,0.315247,0.760104,0.391594,-0.488287,-0.256080,0.022994,0.430324
otm,retail,post_covid,12187080.000000,0.479075,0.538263,0.317492,0.953622,0.567339,-0.616086,-0.252277,0.034032,0.686629
otm,procust,pooled,953191.000000,0.489195,0.441544,0.307288,0.856057,0.459388,-0.471767,-0.177078,0.028639,0.695240
otm,procust,pre_covid,217321.000000,0.441886,0.541606,0.459018,0.740906,0.389268,-0.627497,-0.207029,0.074332,0.369979
otm,procust,covid,253927.000000,0.445640,0.277863,0.218920,0.944184,0.564879,-0.436577,-0.192918,-0.006509,0.873059
otm,procust,post_covid,439900.000000,0.536933,0.491869,0.298323,0.852855,0.442940,-0.466310,-0.169491,0.036228,0.696221
